date,curator,artist,track,genre,youtube_url,youtube_music_url,spotify_url,bandcamp_url,soundcloud_url,tidal_url
2016-12-16,trey,Wormrot,Oblivious Mess,grindcore,https://www.youtube.com/watch?v=Idf5m_G8Xsc,,https://open.spotify.com/track/04VcYPa13GaF0BP3FWYd8m,https://wormrot.bandcamp.com/track/oblivious-mess,https://soundcloud.com/wormrot/oblivious-mess,
2016-12-16,trey,Wormrot,Eternal Sunshine of the Spotless Grind,grindcore,https://www.youtube.com/watch?v=WvZFD_gRM_M,,https://open.spotify.com/track/4HB5XuhAU5lgYL1aaDhs3S,https://wormrot.bandcamp.com/track/eternal-sunshine-of-the-spotless-grind,https://soundcloud.com/wormrot/eternal-sunshine-of-the,
2016-12-23,trey,Astronoid,Up and Atom,progressive metal/dream thrash,https://www.youtube.com/watch?v=FLZ0SHY3Ya8,,https://open.spotify.com/track/74SJpcxfVHCENjUIr1p3cL,https://astronoid.bandcamp.com/track/up-and-atom,https://soundcloud.com/adayu-the-chosen/astronoid-up-and-atom,
2017-01-06,trey,Misery Index,Conjuring the Cull,death metal,https://www.youtube.com/watch?v=obO-yHB-vgs,,https://open.spotify.com/track/2KvUQpIGMypbAPJlZDR1aM,https://miseryindex.bandcamp.com/track/conjuring-the-cull,https://soundcloud.com/pasukanjihad666/misery-index-conjuring-the,
2017-01-06,trey,Suffocation,Infecting the Crypts,death metal,https://www.youtube.com/watch?v=xHXKVlD_X1o,,https://open.spotify.com/track/2Whteyzod5GZlc3R8hi0DX,https://relapsealumni.bandcamp.com/track/infecting-the-crypts,https://soundcloud.com/suffocation-official/infecting-the-crypts-live,
2017-01-27,trey,Behemoth,Furor Divinus,blackened death metal,https://www.youtube.com/watch?v=7V5oxj8Qy0k,,https://open.spotify.com/track/65CWoT7I7N0bHxzuXujYdm,https://possessionproductions.bandcamp.com/track/furor-divinus,https://soundcloud.com/behemothofficial/furor-divinus,
2017-01-27,trey,Behexen,Cave of the Dark Dreams,black metal,https://www.youtube.com/watch?v=JMJe4KqZOXU,,https://open.spotify.com/track/3WBUkNHTHZ7J1lRoA5kcl0,https://behexen.bandcamp.com/track/cave-of-the-dark-dreams,,
2017-01-27,trey,Enslaved,Ground,progressive black metal,https://www.youtube.com/watch?v=VKVa1lLJzUk,,https://open.spotify.com/track/7JSJj4WfwoKo4csKkkhGjG,https://enslaved.bandcamp.com/album/vertebrae,,
2017-01-27,trey,Inquisition,Darkness Flows Towards Unseen Horizons,black metal,https://www.youtube.com/watch?v=tZsaoUJ2ReQ,,https://open.spotify.com/track/1Pp498JnCE5IAVC3BFcz1b,,,
2017-02-03,trey,Finsterforst,Fremd,folk metal,https://www.youtube.com/watch?v=3N76cTghu_8,,https://open.spotify.com/track/10eDwDPbPchSdbpZWd2p3A,https://finsterforst.bandcamp.com/track/fremd,,
2017-02-03,trey,Primordial,Gallows Hymn,folk/black metal,https://www.youtube.com/watch?v=8KIduNQ5BYk,,https://open.spotify.com/track/0L0jR9G4m3VNPVbKbjjrWe,https://primordialofficial.bandcamp.com/track/gallows-hymn,,
2017-02-03,trey,Wayfarer,Old Souls’ New Dream,atmospheric black/folk,https://www.youtube.com/watch?v=Rx66p3G7MtY,,https://open.spotify.com/album/5YsUm7VkrUEkmOvkDMCwXV,https://wayfarercolorado.bandcamp.com/album/old-souls,,
2017-02-10,trey,Tengger Cavalry,Summon the Warrior,nomadic folk metal,https://www.youtube.com/watch?v=7rFqrWh-HMQ,,https://open.spotify.com/track/2CmPIeQYoYQdAdTQ97r9KJ,https://tenggercavalry.bandcamp.com/track/summon-the-warrior-2,https://soundcloud.com/tengger-cavalry/summon-the-warrior,
2017-02-10,trey,Tengger Cavalry,Chant of the Cavalry,nomadic folk metal,https://www.youtube.com/watch?v=a2NBzhqm2BU,,https://open.spotify.com/track/7awVdwEDAojt54mg3u72Ye,https://tenggercavalry.bandcamp.com/track/chant-of-the-cavalry,https://soundcloud.com/tengger-cavalry/chant-of-the-cavalry,
2017-02-17,trey,Vader,Fight Fire with Fire (Metallica cover),death metal,https://www.youtube.com/watch?v=v-W05lNjztM,,https://open.spotify.com/track/2UwafovdeGmWqvGv0NHt1a,https://vader-band.bandcamp.com/track/fight-fire-with-fire,,
2017-03-03,trey,Cult of Luna/Julie Christmas,Chevron,post metal,https://www.youtube.com/watch?v=ZdGlx2pm6W8,,https://open.spotify.com/track/5v0hC5RcP6EhEb9QBqTk5N,https://cultofluna.bandcamp.com/album/mariner,https://soundcloud.com/cultofluna/chevron,
2017-03-10,trey,Gutter Instinct,Age of the Fanatics,blackened death,https://www.youtube.com/watch?v=LdZ_7bqLak0,,,https://gutterinstinct.bandcamp.com/album/age-of-the-fanatics,,
2017-03-31,trey,Mastodon,Steambreather,progressive metal/rock,https://www.youtube.com/watch?v=HEubrZV04b0,,https://open.spotify.com/track/4Ut80ggQbyiJN2pGCs7VfB,,https://soundcloud.com/mastodonrocks/steambreather,https://tidal.com/browse/track/71687015
2017-04-07,trey,Entombed,Left Hand Path,"death metal, 1990",https://www.youtube.com/watch?v=D6exw6xT0oo,,https://open.spotify.com/track/5faD0zZ9fMa3J5ZN3lIWtp,https://entombedband.bandcamp.com/album/left-hand-path,https://soundcloud.com/entombedofficial/left-hand-path,https://tidal.com/browse/track/18642486
2017-04-07,trey,Iron Maiden,The Trooper,"heavy metal, 1983",https://www.youtube.com/watch?v=X4bgXH3sJ2Q,,https://open.spotify.com/track/2C3B3dva983HPMojFqWLOp,https://iron-maiden-0r.bandcamp.com/album/the-trooper,https://soundcloud.com/ironmaidenmusic/the-trooper-2015-remaster,https://tidal.com/browse/track/68739444
2017-04-07,trey,Slayer,Chemical Warfare,"thrash metal, 1987",https://www.youtube.com/watch?v=e5L7GyZeazM,,https://open.spotify.com/track/3u63uszxopzY7zQD2zou1r,https://slayer.bandcamp.com/track/chemical-warfare-2,https://soundcloud.com/metalbladerecords/slayer-chemical-warfare,
2017-05-05,trey,Chte’ilist,Voidspawn,death metal,https://www.youtube.com/watch?v=yyDOrfCha3M,,https://open.spotify.com/track/2M2U7X7TYU1pEKfK0DUFVw,https://profoundlorerecords.bandcamp.com/track/voidspawn,,
2017-05-05,trey,The Ominous Circle,Poison fumes,death metal,https://www.youtube.com/watch?v=3c8U6-b0Qp4,,https://open.spotify.com/album/015KVlFzbmCbiKKiHG9Iwn,https://osmoseproductions.bandcamp.com/track/poison-fumes,,
2017-05-12,trey,Meshuggah,Dancers to a Discordant System,math metal/djent,https://www.youtube.com/watch?v=f3yH6ORCHUI,,https://open.spotify.com/track/2qbQLga60JnISUYwAG9aDx,,https://soundcloud.com/meshuggahofficial/dancers-to-a-discordant-system,
2017-05-26,trey,Nodachi,"Awakened, We Become the Blade",progressive/instrumental,https://www.youtube.com/watch?v=GbZgGLPOfXw,,https://open.spotify.com/artist/19i5TFgRSM1vduUiqJ0dLF,https://nodachi.bandcamp.com/album/beyond-death-beyond-reason,,
2017-06-09,trey,Artificial Brain,Synthesized Instinct,technical death metal,https://www.youtube.com/watch?v=r5S_BH4PSnM,,https://open.spotify.com/track/1vP8xmHnFkB6if6wj6UkfG,https://profoundlorerecords.bandcamp.com/track/synthesized-instinct,https://soundcloud.com/artificialbrain/synthesized-instinct,
2017-06-30,trey,Suffocation,Your Last Breaths,death metal,https://www.youtube.com/watch?v=56jDbL6dzLw,,https://open.spotify.com/track/6e01NBK5kHDf0emnALYvuH,https://suffocation.bandcamp.com/album/of-the-dark-light,,
2017-07-14,trey,Chaos,The Great divide,thrash metal,https://www.youtube.com/watch?v=xGNzW9_52cg,,,https://chaosthrash.bandcamp.com/album/all-against-all-thrash-metal,,
2017-07-14,trey,Wode,Trails of Smoke,black metal,https://www.youtube.com/watch?v=0Cjh0t6icwE,,https://open.spotify.com/artist/0omUs7Q7U5gC75RgG3JEn7,https://wode.bandcamp.com/track/trails-of-smoke,,
2017-08-11,trey,Decrepit Birth,Hieroglyphic,technical death metal,https://www.youtube.com/watch?v=z_B1BNm94e4,,https://open.spotify.com/track/1hdqv4AQn33ji5ZinnPZgA,https://agoniarecords.bandcamp.com/track/hieroglyphic,,
2017-08-25,trey,All Out War,Circling Vultures,hardcore/crossover,https://www.youtube.com/watch?v=zGKATlI6zdk,,https://open.spotify.com/album/1ThXZjioAU0zUYcsoHYrgy,,,
2017-09-01,trey,Septicflesh,Portrait of a Headless Man,symphonic/death metal,https://www.youtube.com/watch?v=11vSLG_jVeY,,https://open.spotify.com/track/39Gx9piJsL6WLDLiyCzPuB,https://septicflesh.bandcamp.com/track/portrait-of-a-headless-man,https://soundcloud.com/septicflesh/portrait-of-a-headless-man,
2017-09-22,trey,Neuraxis,Asylum,technical death metal,https://www.youtube.com/watch?v=tCs7vHm3E1c,,https://open.spotify.com/album/19Su1H31sIXuWYGuFcG7Wu,https://neuraxis.bandcamp.com/track/asylum,,
2017-10-13,trey,Light this City,Firehaven,melodic death metal,https://www.youtube.com/watch?v=I2UxcHQCEZE,,https://open.spotify.com/album/4NV95vgsOWVtYI7Ac84nQW,https://creatorlightthiscity.bandcamp.com/track/firehaven,,
2017-11-10,trey,Craven Idol,Black Flame Divination,thrash metal,https://www.youtube.com/watch?v=QzETrThb6RA,,https://open.spotify.com/album/2UgEbTsRA7mIMB12L5CJPb,https://darkdescentrecords.bandcamp.com/album/the-shackles-of-mammon,,
2017-11-10,trey,Dreadnought,Utopia,progressive/post metal,https://www.youtube.com/watch?v=-1w6kp-Qd5c,,https://open.spotify.com/track/5BAfA1GvDG9pANiKuApeUx,https://dreadnoughtdenver.bandcamp.com/track/utopia,,
2017-11-10,trey,Immolation,Destructive Currents,death metal,https://www.youtube.com/watch?v=lOUh2ctYZFE,,https://open.spotify.com/track/3M9GZZTXziQYWAfGKHOYhK,,,
2017-12-08,trey,Cenotaph,Syndromes of Deadly Endogenous Intoxication,brutal death metal,https://www.youtube.com/watch?v=mh9MIZVW-Wo,,,https://cenotaph666.bandcamp.com/album/perverse-dehumanized-dysfunctions,,
2017-12-08,trey,Morbid Angel,Piles of Little Arms,death metal,https://www.youtube.com/watch?v=bY20SxKXEtQ,,https://open.spotify.com/track/5lgdzdObWdVS0MAbjhVPit,https://officialmorbidangel.bandcamp.com/track/piles-of-little-arms-2,https://soundcloud.com/morbid-angel-official/piles-of-little-arms,
2017-12-22,trey,Converge,Under Duress,hardcore/metalcore,https://www.youtube.com/watch?v=BSSUpywhPqM,,https://open.spotify.com/track/1hUNACaFucS3hTBdqx4pN8,https://convergecult.bandcamp.com/track/under-duress,https://soundcloud.com/converge-official/under-duress,
2017-12-22,trey,Pyrrhon,Trash Talk Landfill,technical death metal,https://www.youtube.com/watch?v=RgH4vdNfY-4,,https://open.spotify.com/album/2euhrmiVWOGcCm4afnw6ot,https://pyrrhonband.bandcamp.com/track/trash-talk-landfill,,
2018-01-19,trey,DragonForce,Through the Fire and Flames,power,https://www.youtube.com/watch?v=WHJapDojlaE,,https://open.spotify.com/track/6nnacTL5on2aVsRhVDNUSo,,https://soundcloud.com/dragonforceofficial/dragonforce-through-the-fire,https://listen.tidal.com/track/285848119
2018-01-19,trey,Symphony X,Set the World on Fire,progressive,https://www.youtube.com/watch?v=5gQBuGeAOQQ,,https://open.spotify.com/track/6OZ6pBvrfCb6tRu6h2rzfG,,https://soundcloud.com/officialinsideoutmusic/symphony-x-set-the-world-on-fire,
2018-01-19,trey,The Faceless,Black Star,progressive/technical death,https://www.youtube.com/watch?v=ABX6K6yLloQ,,https://open.spotify.com/track/44OEQAUFIg2CHr0nkKiEzX,,https://soundcloud.com/the-faceless-official/black-star,
2018-02-02,trey,Orphaned Land,In Propaganda,folk/progressive,https://www.youtube.com/watch?v=rmXh3Q47pEU,,https://open.spotify.com/track/0CRqKa4QMHUz5HqqSlsNCu,https://centurymedia.bandcamp.com/album/unsung-prophets-dead-messiahs-24-bit-hd-audio,https://soundcloud.com/orphanedland/in-propaganda,
2018-02-02,trey,Temple of Void,Wretched Banquet,death/doom,https://www.youtube.com/watch?v=gZs_uYjJaQ4,,https://open.spotify.com/track/4OgsvKz6VsWwUGWWRyhNtt,https://templeofvoid.bandcamp.com/track/wretched-banquet,,
2018-02-02,trey,Tribulation,Subterranea,death/doom rock,https://www.youtube.com/watch?v=i_4thg_JFcs,,https://open.spotify.com/track/2XtGxlFd9vMFpUk7NDM0Qn,https://centurymedia.bandcamp.com/album/down-below,,
2018-02-09,trey,Atriarch,Collapse,deathrock/doom,https://www.youtube.com/watch?v=nu7QDcncgmk,,https://open.spotify.com/album/5xdUH9zFZS8ubxkPi8ZOzB,https://atriarch.bandcamp.com/track/collapse,https://soundcloud.com/relapserecords/atriarch-collapse,
2018-02-09,trey,Eight Bells,Landless,experimental/post,https://www.youtube.com/watch?v=1wd8T9ADgS8,,,https://eightbells.bandcamp.com/track/landless,,
2018-02-23,trey,Chapel of Disease,Lord of All Death,death metal,https://www.youtube.com/watch?v=da5UVu4PUsU,,https://open.spotify.com/album/0ehYCXG1RTEOylPsU3YobY,https://chapelofdisease.bandcamp.com/music,,
2018-02-23,trey,Code Orange,Forever,hardcore,https://www.youtube.com/watch?v=dZ9JVxQVQy4,,https://open.spotify.com/track/1G6czdqgskwJ4cBgx9CDAJ,,https://soundcloud.com/code-orange-kids/forever,
2018-03-02,trey,Conjurer,Behold the Swine,sludge,https://www.youtube.com/watch?v=Vcq59D1U0zA,,https://open.spotify.com/track/02NcaPsVtAnYUhpsFoT3qo,https://conjureruk.bandcamp.com/track/behold-the-swine,https://soundcloud.com/conjureruk/behold-the-swine,
2018-03-02,trey,Huntsmen,Canary King,post-metal,https://www.youtube.com/watch?v=lebqod-GU7k,,https://open.spotify.com/album/72UyZXSPziSIm9eTUgZJV3,https://huntsmen.bandcamp.com/track/canary-king-2,,
2018-03-16,trey,Black Moth,Sisters of the Stone,doom/stoner,https://www.youtube.com/watch?v=_ZgGY-7cSkw,,https://open.spotify.com/track/1sAxjZKKhV2Hg5oFEczJV0,,,
2018-03-16,trey,Leng Tch’e,Stentor of Doom,deathgrind,https://www.youtube.com/watch?v=watxi4x9f6A,,https://open.spotify.com/intl-de/album/02TpiTNiam2twI60MqwRB2,https://lengtchesom.bandcamp.com/album/razorgrind,,
2018-03-30,trey,Pallbearer,Lie of Survival,doom,https://www.youtube.com/watch?v=2yApm0Hl_kY,,https://open.spotify.com/track/2VARHIdVDtxvXagENDRBlA,https://pallbearer.bandcamp.com/track/lie-of-survival,https://soundcloud.com/pallbearerofficial/lie-of-survival,
2018-03-30,trey,Rivers of Nihil,A Home,technical death metal,https://www.youtube.com/watch?v=ewE4hXWnDhM,,https://open.spotify.com/track/1OeD1qftfYJk3B0q4ADP6L,https://riversofnihil.bandcamp.com/track/a-home,https://soundcloud.com/rivers-of-nihil/a-home,
2018-04-06,trey,Svart Crown,Upon This Intimate Madness,blackened death,https://www.youtube.com/watch?v=Z90NVCtR8gs,,https://open.spotify.com/album/4m3zJfJtKaz5PyLtH741JX,https://svartcrown.bandcamp.com/,,
2018-04-27,trey,Apostle of Solitude,Keeping the Lighthouse,doom,https://www.youtube.com/watch?v=jAPF8CQ3PiA,,https://open.spotify.com/track/55Y0Z1Z2QqN2W3TWNFfgDI,https://apostleofsolitude.bandcamp.com/album/from-gold-to-ash,,
2018-04-27,trey,Necrot,Rather be Dead,death,https://www.youtube.com/watch?v=SClkXPa4dvo,,https://open.spotify.com/track/7MQw7dTT78aABS9QDuU2HU,https://necrot.bandcamp.com/track/rather-be-dead,,
2018-04-27,trey,møl,Bruma,blackened shoegaze,https://www.youtube.com/watch?v=ZE_ejqDPB6I,,https://open.spotify.com/track/3baNhAyfN3AeNrziImamGv,https://moeldk.bandcamp.com/track/bruma-2,https://soundcloud.com/mol-scmusic/bruma,https://tidal.com/browse/track/166102312
2018-05-04,trey,God is an Astronaut,Epitaph,post rock,https://www.youtube.com/watch?v=fm5gNUYFPs8,,https://open.spotify.com/track/2uCR5vRJOjzh4MWNkWSAxr,https://god-is-an-astronaut.bandcamp.com/album/epitaph,https://soundcloud.com/godisanastronautofficial/epitaph,
2018-05-04,trey,Ingested,Misery Leech,slam death,https://www.youtube.com/watch?v=kvigr0aGkm0,,https://open.spotify.com/track/00Xf7wRRRAnCeghgsv7beW,https://uniqueleaderrecords.bandcamp.com/album/the-level-above-human,,
2018-05-11,trey,Bell Witch,Mirror Reaper,funeral doom,https://www.youtube.com/watch?v=pzB-cuxBqdk,,https://open.spotify.com/track/75dSM9nk2SF9ENfMfpuYez,https://bellwitch.bandcamp.com/album/mirror-reaper,https://soundcloud.com/bellwitchofficial/mirror-reaper,
2018-05-11,trey,Car Bomb,Nonagon,mathcore,https://www.youtube.com/watch?v=qFUIpH1aIzs,,https://open.spotify.com/track/6cD9brkZUhepHmS9x9TiQd,https://carbomb.bandcamp.com/track/nonagon,,
2018-05-18,trey,Grayceon,Let it Go,progressive,https://www.youtube.com/watch?v=yrfNNliO_dw,,https://open.spotify.com/track/0etWfjVOyoRhZXnfLt0jgW,https://grayceon.bandcamp.com/track/let-it-go,,
2018-05-18,trey,Homewrecker,Bound by Validation,hardcore (mostly),https://www.youtube.com/watch?v=zeuDdsKWfPQ,,https://open.spotify.com/track/4kYdOFU7lm5Kab7lSQozHJ,https://homewreckeroh.bandcamp.com/album/hell-is-here-now,,
2018-05-25,trey,Our Place of Worship is Silence,Resplendent Misery,blackened death,https://www.youtube.com/watch?v=3uLMHsSxZMo,,https://open.spotify.com/track/3hUJgdX20r5p9tpZaw6DBp,https://opowis.bandcamp.com/track/resplendent-misery,,
2018-05-25,trey,Sleep,Sonic Titan,sludge/stoner,https://www.youtube.com/watch?v=urKcU7kDPB8,,https://open.spotify.com/track/2VpU78BBUV2GOD26Uvl3Ow,https://sleep.bandcamp.com/track/sonic-titan,,
2018-06-08,trey,Death Angel,Father of Lies,thrash,https://www.youtube.com/watch?v=VNBWgtCTLfw,,https://open.spotify.com/track/7ty0mWSjxm577Af7plUxmE,,https://soundcloud.com/death-angel-official/father-of-lies-1,
2018-06-08,trey,Fleshgod Apocalypse,Embodied Deception,symphonic/death,https://www.youtube.com/watch?v=B2YDJDV8cZ4,,https://open.spotify.com/track/2mWoJVa7FXCvLuY4AYfvjx,https://fleshgodapocalypse.bandcamp.com/track/embodied-deception,https://soundcloud.com/fleshgod-apocalypse/embodied-deception,
2018-06-15,trey,Crypt Rot,Chapters of Torment,death metal,https://www.youtube.com/watch?v=YyuTnI_IxH4,,https://open.spotify.com/track/24pcz1Wtj4qXzMx7mxGBwD,https://cryptrotsl.bandcamp.com/album/embryonic-devils,,
2018-06-15,trey,Cult of Luna & Julie Christmas,Cygnus,post metal,https://www.youtube.com/watch?v=DVdHw4fskj4,,https://open.spotify.com/track/7tFjKfTLOP5ooOM2MGPVz9,https://cultofluna.bandcamp.com/track/cygnus,https://soundcloud.com/mrwahhm/cygnus,
2018-06-22,trey,Depravity,Evil Upheaval,death,https://www.youtube.com/watch?v=GkPE5nh6yiU,,https://open.spotify.com/track/4uMVdXCVhTprUUOomD00j9,https://depravityaustralia.bandcamp.com/album/evil-upheaval,,
2018-06-22,trey,Spirit Adrift,Starless Age (Enshrined),doom,https://www.youtube.com/watch?v=jQw4MuKc_Oc,,https://open.spotify.com/track/6SPcj8Nvn5DrsBGpqRbZQs,https://spiritadrift.bandcamp.com/track/starless-age-enshrined,,
2018-06-29,trey,Zeal and Ardor,Don't You Dare,avant-garde black metal,https://www.youtube.com/watch?v=JVqgI5HY3js,,https://open.spotify.com/track/5zJeYwrdz3ikxxgSAaqVXs,https://zealandardor.bandcamp.com/track/dont-you-dare,https://soundcloud.com/zeal-and-ardor/dont-you-dare,
2018-06-29,trey,Zeal and Ardor,You Ain't Coming Back,avant-garde black metal,https://www.youtube.com/watch?v=4tWGD-EAgNQ,,https://open.spotify.com/track/0ltZfCMoFkijXOnyBMZVTq,https://zealandardor.bandcamp.com/track/you-aint-coming-back-2,https://soundcloud.com/zeal-and-ardor/you-aint-coming-back-1,
2018-07-20,trey,Horrendous,Soothsayer,progressive death,https://www.youtube.com/watch?v=-r9iS6fWnMA,,https://open.spotify.com/track/7mp40baUsjqzTEuvCF4Vja,https://horrendous.bandcamp.com/track/soothsayer,https://soundcloud.com/horrendousofficial/soothsayer,
2018-07-20,trey,Obscura,Clandestine Stars,technical death,https://www.youtube.com/watch?v=uwcocrUz1y8,,https://open.spotify.com/track/7kV5FvExdqzu3kgpuRiTLv,https://obscura.bandcamp.com/track/clandestine-stars,https://soundcloud.com/obscuraofficial/clandestine-stars,
2018-07-20,trey,Vein,End Eternal,mathcore/hardcore,https://www.youtube.com/watch?v=anMz5vtdnZ4,,https://open.spotify.com/track/7iHBbgRWz8D5x7rzEWh0tG,https://veinband.bandcamp.com/track/end-eternal,https://soundcloud.com/vein-official/end-eternal,
2018-08-03,trey,Skeletonwitch,The Vault,black metal,,,https://open.spotify.com/track/0J81ymfVUwBAlNnecASiRG,https://skeletonwitch.bandcamp.com/track/the-vault,https://soundcloud.com/skeletonwitch-official/the-vault-feat-skeletonwitch,
2018-08-03,trey,The Ominous Circle,A Gray Outcast,death metal,https://www.youtube.com/watch?v=JeLC79Et-CQ,,https://open.spotify.com/track/26ChmTYVd2ZtC6y9cpdowR,https://20buckspin.bandcamp.com/album/appalling-ascension,,
2018-08-17,trey,Imperial Triumphant,Swarming Opulence,black metal,https://www.youtube.com/watch?v=QNCuNmo5Csg,,https://open.spotify.com/track/4OWb4mcmrfWrafdrjUs5I7,https://throatruinerrecords.bandcamp.com/track/swarming-opulence,,
2018-08-17,trey,Panopticon,En hvit ravns dod,black metal/americana,https://www.youtube.com/watch?v=H64QqCUnyVE,,https://open.spotify.com/track/2vluFKWBHtkr691daGDUzP,https://thetruepanopticon.bandcamp.com/track/en-hvit-ravns-d-d,https://soundcloud.com/panopticonofficial/en-hvit-ravns-dod,
2018-08-17,trey,Panopticon,The Wandering Ghost,black metal/americana,https://www.youtube.com/watch?v=bhXguIufmzk,,https://open.spotify.com/track/4Jy1uOj0ZSNK6W1DCu91jU,https://thetruepanopticon.bandcamp.com/track/the-wandering-ghost,,
2018-08-31,trey,Benighted,Martyr,brutal death metal,https://www.youtube.com/watch?v=dD8JNrFHqOw,,https://open.spotify.com/track/5YHH0Q7sXD1V7YIOddK8JK,https://benighted.bandcamp.com/track/martyr,https://soundcloud.com/benighted-music/martyr,
2018-08-31,trey,Parius,Phylactery,progressive death metal,https://www.youtube.com/watch?v=elkfqYIcBXU,,https://open.spotify.com/track/2igadY13IMPLizPqspd8yI,https://parius.bandcamp.com/track/phylactery,,
2018-08-31,trey,Uada,Purging Fire,black metal,https://www.youtube.com/watch?v=9NrC7pRra9o,,https://open.spotify.com/track/19iaDzpgbFLc2HPUZjmNDM,https://uada.bandcamp.com/track/the-purging-fire,,
2018-09-07,trey,Crawl,The Stench,death metal,https://www.youtube.com/watch?v=nMaJKLm3tUw,,https://open.spotify.com/artist/0IsHfUrkDuwh26aPk2RIne,https://crawldeath.bandcamp.com/track/the-stench,,
2018-09-07,trey,Mask of Judas,The Conspirator,progressive deathcore,https://www.youtube.com/watch?v=k5Z96m032sA,,https://open.spotify.com/artist/43PRSMq1xfw3YaTTU4zpMy,https://maskofjudas.bandcamp.com/album/the-mesmerist,,
2018-09-14,trey,Pig Destroyer,House of Snakes,grindcore,https://www.youtube.com/watch?v=pUYHPSIQpKE,,https://open.spotify.com/album/1GCN7SL1Z4mRyMxqb1YJGQ,https://pigdestroyer.bandcamp.com/track/house-of-snakes,https://soundcloud.com/pigdestroyerofficial/house-of-snakes,
2018-09-14,trey,Wound,Echoes,death metal,https://www.youtube.com/watch?v=cbRdYH7NZ3k,,,,,
2018-10-12,trey,High on Fire,Sanctioned Annihilation,doom/stoner,https://www.youtube.com/watch?v=AhfBRfj37L0,,https://open.spotify.com/track/0avjZ6HUZk2xbgjKycKL8Z,https://highonfire.bandcamp.com/track/sanctioned-annihilation,https://soundcloud.com/highonfireofficial/sanctioned-annihilation,
2018-10-12,trey,Mestis,Ever Wonder,progressive,https://www.youtube.com/watch?v=W4FYxrl-I34,,https://open.spotify.com/track/1qKoCfkwVqNt490TdwzFRe,,,
2018-10-12,trey,Revocation,The Outer Ones,death/thrash,https://www.youtube.com/watch?v=tbEBKH_XDrU,,https://open.spotify.com/track/1U1mJ2kStcsHlt71m8TRI3,https://revocationband.bandcamp.com/album/the-outer-ones,https://soundcloud.com/metalbladerecords/revocation-the-outer-ones,
2018-10-19,trey,Behemoth,Bartzabel,blackened death,https://www.youtube.com/watch?v=P3fbYqeOzxY,,https://open.spotify.com/track/3wBHF6evf55iEzyMtReJSH,https://behemoth.bandcamp.com/album/i-loved-you-at-your-darkest,https://soundcloud.com/behemothofficial/bartzabel,
2018-10-19,trey,Horrendous,Devotion (Blood for Ink),progressive death,https://www.youtube.com/watch?v=QkD3U5FpXXc,,https://open.spotify.com/artist/1Na6P4MqOassrZtvT9Z12s,https://horrendous.bandcamp.com/track/devotion-blood-for-ink,,
2018-10-26,trey,Daughters,"Long Road, No Turns",noise rock/experimental,https://www.youtube.com/watch?v=MS80rK-sRoU,,https://open.spotify.com/track/0GFdh2alLLCJnLHuzdsQ2e,https://daughters.bandcamp.com/track/long-road-no-turns,https://soundcloud.com/daughters/long-road-no-turns,
2018-10-26,trey,Haken,The Good Doctor,progressive,https://www.youtube.com/watch?v=BD3v8w57_lU,,https://open.spotify.com/track/6UvK7paq5HLuUxo3ksVmlj,https://hakenofficial.bandcamp.com/track/the-good-doctor,https://soundcloud.com/hakenofficial/the-good-doctor,
2018-10-26,trey,Scorched,Astral Savior,death,https://www.youtube.com/watch?v=l_p59lSYv5k,,https://open.spotify.com/album/0ivWPOiNx7ZLzsbOLbbnNC,https://20buckspin.bandcamp.com/track/astral-savior,,
2018-12-07,trey,Arsis,Funereal Might,technical/melodic death,https://www.youtube.com/watch?v=8wQutJGTQIw,,https://open.spotify.com/album/3SHdJx54muYy3RCzGKXL9F,,,
2018-12-07,trey,Chapel of Disease,Oblivious/Obnoxious/Defiant,death'n'roll,https://www.youtube.com/watch?v=V05Jsr6zXyM,,https://open.spotify.com/track/2YGU7dLYyQckTXwy9lXFSL,https://chapelofdisease.bandcamp.com/track/oblivious-obnoxious-defiant,https://soundcloud.com/chapelofdisease/oblivious-obnoxious-defiant,
2018-12-07,trey,Esben and the Witch,Dull Gret,post metal,https://www.youtube.com/watch?v=f1gFgAkRiyQ,,https://open.spotify.com/track/6PzHte9I02hGUnsskm2UTV,https://esbenandthewitch.bandcamp.com/track/dull-gret,,
2018-12-07,trey,Hate Eternal,What Lies Beyond,death,https://www.youtube.com/watch?v=kdPEE8_u8cQ,,https://open.spotify.com/track/2twkod822LTomifvDubtM8,https://hateeternal.bandcamp.com/track/what-lies-beyond,,
2018-12-07,trey,Outer Heaven,Echoes from Beyond,death,https://www.youtube.com/watch?v=n7vdzEdrIy4,,https://open.spotify.com/track/5lBXwlwJ8Qe4C2vjrOIA7N,https://outerheaven.bandcamp.com/track/echoes-from-beyond,,
2018-12-14,trey,Anaal Nathrakh,Forward!,black metal,https://www.youtube.com/watch?v=Lmloi1rcres,,https://open.spotify.com/track/38XmF28XW6a7g44JhZdsDT,https://anaalnathrakh.bandcamp.com/track/forward,https://soundcloud.com/anaalnathrakh/forward,
2018-12-14,trey,YOB,Ablaze,doom,https://www.youtube.com/watch?v=ei9PR87zDk8,,https://open.spotify.com/track/6qnR9hixeaxOTQrjqxJy0N,https://yobislove.bandcamp.com/track/ablaze,https://soundcloud.com/yob104640/ablaze,
2018-12-21,trey,Glacial Tomb,Sunless Dawn,death/doom,https://www.youtube.com/watch?v=DzNt1Lbf63A,,https://open.spotify.com/track/69duWlZTcDswRLbKPzX0nx,https://glacialtomb.bandcamp.com/track/sunless-dawn,,
2018-12-21,trey,Immortal,Called to Ice,black metal,https://www.youtube.com/watch?v=aLAK4Hg069c,,https://open.spotify.com/track/7qiJN44hgzbZxJ9qnmIqhU,https://immortal.bandcamp.com/album/northern-chaos-gods,,
2019-01-04,trey,Cist,Cryonesia,death,https://www.youtube.com/watch?v=uMjCULDZLec,,https://open.spotify.com/artist/2zCrzh42wxYAOggsfg3IwT,https://cist.bandcamp.com/track/cryonesia,,
2019-01-04,trey,Howling Sycamore,Obstinate Pace,progressive,https://www.youtube.com/watch?v=wnknODIXfK8,,https://open.spotify.com/album/1sVdcMXesp1TJ33TAOgYvA,https://howlingsycamore.bandcamp.com/album/howling-sycamore,,
2019-01-11,trey,Cenotaph Obscure,Tumulus of Ancient Bones,death,https://www.youtube.com/watch?v=7QzcTw1jgQY,,https://open.spotify.com/track/1ktkrmwUp9vedNebxXACNi,https://obliterationorway.bandcamp.com/track/tumulus-of-ancient-bones,,
2019-01-11,trey,Swallow the Sun,Upon the Water,doom,https://www.youtube.com/watch?v=n7AnGqSpeg0,,https://open.spotify.com/track/2rxoD3APza2XEGHOQ5bry6,https://centurymedia.bandcamp.com/track/upon-the-water,https://soundcloud.com/swallow-the-sun/upon-the-water,
2019-01-25,trey,A Novelist,His Kingdom is Vast,progressive/technical death,https://www.youtube.com/watch?v=K1XGMNxb2-8,,https://open.spotify.com/album/3xq74YLsYxXmUe76cuVvL3,https://anovelist.bandcamp.com/album/folie,,
2019-01-25,trey,Bring Me the Horizon,i apologise if you feel something,electronic/pop,https://www.youtube.com/watch?v=N0eOaXc9H4s,,https://open.spotify.com/track/4mrjzz6ETpW3wosJUYmKoL,,https://soundcloud.com/bring-me-the-horizon/i-apologise-if-you-feel,
2019-01-25,trey,Nekrogoblikon,The Magic Spider,melodic death,https://www.youtube.com/watch?v=KFFeeACcXC0,,https://open.spotify.com/track/2KysEWFfA9H8zSh91f4m8R,https://nekrogoblikon.bandcamp.com/track/the-magic-spider,https://soundcloud.com/nekrogoblikonofficial/the-magic-spider,
2019-02-01,trey,Corpsessed,Graveborne,death,https://www.youtube.com/watch?v=DctpX-tALvA,,https://open.spotify.com/artist/7iQRg97deViKIFRKfNPpJi,https://corpsessed.bandcamp.com/track/graveborne,,
2019-02-01,trey,Funeral Mist,Naught but Death,black,https://www.youtube.com/watch?v=TcDDwMHRjC4,,https://open.spotify.com/track/3y4sgr7zN897ck5odWN5uP,https://funeralmist.bandcamp.com/,,
2019-02-08,trey,Der Rote Milan,Drohende Schatten,black metal,https://www.youtube.com/watch?v=vzSKdKBwY6Q,,https://open.spotify.com/artist/6KrxlUMrjttzH8geVdzRK0,https://derrotemilan.bandcamp.com/track/drohende-schatten,,
2019-02-08,trey,Serocs,Thanatophobia,technical death metal,https://www.youtube.com/watch?v=N3gAKLFjiPw,,https://open.spotify.com/track/348QxL0aLYcOiMzpfpsx6E,https://serocs.bandcamp.com/track/thanatophobia,,
2019-03-01,trey,Anteros,Rhea (1672),post metal,https://www.youtube.com/watch?v=O60k5cwiqy8,,https://open.spotify.com/artist/7AgbaohUbhWwjjNKCSOB2x,https://anteros.bandcamp.com/album/lunas,,
2019-03-01,trey,Ghastly,Death by Meditation,death metal,https://www.youtube.com/watch?v=1zfAeGq7Itc,,https://open.spotify.com/artist/2Sa4c9qKaI7ILJs8D6gUCh,https://20buckspin.bandcamp.com/album/death-velour,,
2019-03-01,trey,Rolo Tomassi,The Hollow Hour,post/progressive hardcore,https://www.youtube.com/watch?v=m-KVx2hHb7g,,https://open.spotify.com/track/3z1Y7aH49FwaSZmIHKQc5w,https://rolotomassi.bandcamp.com/track/the-hollow-hour,,
2019-03-01,trey,Sulphur Aeon,Cult of Starry Wisdom,progressive/technical death,https://www.youtube.com/watch?v=BvjNLgYcDYs,,https://open.spotify.com/track/7pN4PXovW1KjUdSeWJc98n,https://sulphuraeon-vanrecords.bandcamp.com/track/cult-of-starry-wisdom,https://soundcloud.com/sulphuraeon/cult-of-starry-wisdom-live,
2019-03-08,trey,Blood Incantation,"Hidden Species (Vitrification of Blood, Pt. 2)",death metal,https://www.youtube.com/watch?v=eHsdXTCOx6g,,https://open.spotify.com/track/3jYMAtv2dEi8V4sIh8h1W2,https://darkdescentrecords.bandcamp.com/track/hidden-species-vitrification-of-blood-part-2,https://soundcloud.com/bloodincantation/hidden-species-vitrification,
2019-03-08,trey,Immolation,Furthest from the Truth,death metal,https://www.youtube.com/watch?v=LRccaIXdFjY,,https://open.spotify.com/track/03sWNpyNcjxxR2JDhZ0phF,https://immolation.bandcamp.com/track/furthest-from-the-truth,https://soundcloud.com/immolation-official/furthest-from-the-truth,
2019-03-08,trey,Morbid Angel,Immortal Rites,death metal,https://www.youtube.com/watch?v=mmOYSH_LjF4,,https://open.spotify.com/track/5hmek3mrSYvfSElBsPNbxo,https://morbid-angel.bandcamp.com/track/immortal-rites,https://soundcloud.com/morbid-angel-official/immortal-rites-1,
2019-03-08,trey,Necrot,Empty Hands,death metal,https://www.youtube.com/watch?v=bTNas0q5exI,,https://open.spotify.com/artist/5jWIRPU5rVBm6ky8Atq7AW,https://necrot.bandcamp.com/track/empty-hands,,
2019-03-29,trey,Myrkur,Elleskudt,black/folk metal,https://www.youtube.com/watch?v=7AbLjTZk9zM,,https://open.spotify.com/track/197mFHzAp0rlVRUyIIcws7,https://myrkur.bandcamp.com/track/elleskudt-2,,
2019-03-29,trey,Nervosa,Bleeding,thrash/death metal,https://www.youtube.com/watch?v=RzGXceAGoBQ,,https://open.spotify.com/artist/5D9d9xyLNQu32QVD9t4YqH,https://nervosa-brazil.bandcamp.com/album/downfall-of-mankind,,
2019-03-29,trey,Venom Prison,Implementing the Metaphysics of Morals,hardcore/death metal,,,https://open.spotify.com/track/5bPdBi0uYdcpnhCNFBiFb2,https://venomprison.bandcamp.com/album/samsara,,
2019-04-05,trey,Architects,Modern Misery,metalcore,https://www.youtube.com/watch?v=T35p44JQ4Uk,,https://open.spotify.com/track/6jaJVPLZOME4TtgW1Es5NT,,https://soundcloud.com/architects-official/modern-misery,
2019-04-05,trey,Periphery,Follow Your Ghost,progressive/djent,https://www.youtube.com/watch?v=X_F7auDDFrY,,https://open.spotify.com/track/4NlpTJTL13deKp3fOSyYPV,,,
2019-04-05,trey,VLTIMAS,Total Destroy,death metal,https://www.youtube.com/watch?v=iKBe-KFpmS8,,https://open.spotify.com/track/3yJTfoQxJFIY7ABxMbnsmt,https://vltimas.bandcamp.com/track/total-destroy,,
2019-04-19,trey,Baroness,Seasons,progressive sludge rock,https://www.youtube.com/watch?v=k3n8RBaUMpc,,https://open.spotify.com/track/1BykOjuWC9iCEf7QsVDjca,https://baroness.bandcamp.com/track/seasons,https://soundcloud.com/yourbaroness/seasons,
2019-04-19,trey,Wake,Rot,grindcore,https://www.youtube.com/watch?v=H6x2_9XJ53w,,https://open.spotify.com/album/3PDupBbWvbHuepA2T2KptE,https://wakegrind.bandcamp.com/track/rot,,
2019-04-19,trey,Wormwitch,Dancing in the Ashes,black metal,https://www.youtube.com/watch?v=VIWy8JvRoO0,,https://open.spotify.com/track/5AOdQf3kE8kzDByuThqdmQ,https://wormwitch.bandcamp.com/track/dancing-in-the-ashes,,
2019-05-10,trey,Amon Amarth,Shield Wall,melodic death metal,https://www.youtube.com/watch?v=ojjDhdoPF6E,,https://open.spotify.com/track/0gU58a8WjPaEG3Dt56i4Fr,https://amonamarth.bandcamp.com/album/berserker,https://m.soundcloud.com/amon-amarth/shield-wall,
2019-05-10,trey,Power Trip,Executioner’s Tax,thrash/hardcore crossover,https://www.youtube.com/watch?v=xdE4RO_P-qE,,https://open.spotify.com/track/4EfkScvqwzvHc8WE6vC8uo,https://powertripsl.bandcamp.com/track/executioners-tax,https://soundcloud.com/powertripofficial/executioners-tax-swing-of-the,
2019-05-10,trey,Ringworm,Vicious Circles of Life,hardcore,https://www.youtube.com/watch?v=F4QYR1A0W08,,https://open.spotify.com/artist/1mVvXNKbCaUapInbgHCDRV,https://ringworm.bandcamp.com/track/vicious-circle-of-life,,
2019-05-17,trey,Emma Ruth Rundle,Darkhorse,alternative,https://www.youtube.com/watch?v=1JKAoIYGhX8,,https://open.spotify.com/track/53oc5U2cz4MydANM35abYV,https://emmaruthrundle.bandcamp.com/track/darkhorse,https://soundcloud.com/emmaruthrundleofficial/darkhorse,
2019-05-17,trey,Possessed,Dominion,death metal,https://www.youtube.com/watch?v=5Kheg8UKRD0,,https://open.spotify.com/track/45sbUQZxmJDWtDWIJ9TgWr,https://possessedofficial.bandcamp.com/,,
2019-05-17,trey,Vanum,Immortal Will,black metal,https://www.youtube.com/watch?v=PRCmPcskQiw,,https://open.spotify.com/track/01WvrYafzhLPUB44EVF6TQ,https://vanum.bandcamp.com/track/immortal-will,,
2019-06-21,trey,Fuming Mouth,Nothing to Bleed,death metal/hardcore,https://www.youtube.com/watch?v=hUXXlWQJOzE,,https://open.spotify.com/track/1Ldq8HTGhy60RQspCS14A8,https://fumingmouth.bandcamp.com/track/nothing-to-bleed,https://soundcloud.com/fumingmouth/nothing-to-bleed,
2019-06-21,trey,Vein,Doomtech,hardcore/crossover,https://www.youtube.com/watch?v=8PykbLOrH34,,https://open.spotify.com/track/3HZUUjUk4xKqkP7u09X8Nb,https://veinband.bandcamp.com/track/doomtech,,
2019-07-05,trey,Aoratos,"Of Harvest, Scythe and Sickle Moon",black metal,https://www.youtube.com/watch?v=KeuX4EQeNPQ,,https://open.spotify.com/track/2H3feNyjjDvfBBrkLouh4G,https://aoratos.bandcamp.com/track/of-harvest-scythe-and-sickle-moon-2,,
2019-07-05,trey,Brymir,"Ride on, Spirit",heavy metal,https://www.youtube.com/watch?v=tyhOFQWfOyE,,https://open.spotify.com/track/2ic85Y77Mr4K6vjYTPeVoM,https://brymir.bandcamp.com/track/ride-on-spirit,,
2019-07-05,trey,The Ominous Circle,As the Worm Descends,death metal,https://www.youtube.com/watch?v=954e84zWMOY,,https://open.spotify.com/album/015KVlFzbmCbiKKiHG9Iwn,https://osmoseproductions.bandcamp.com/track/as-the-worm-descends,,
2019-07-26,trey,Burial Remains,They Crawl,hm2 death metal,https://www.youtube.com/watch?v=TdXRacK5y04,,https://open.spotify.com/album/1ULHmCihMWfJcTaRSRA6Po,https://rawskullrecordz.bandcamp.com/track/they-crawl,https://soundcloud.com/user-13879156/burial-remains-netherlands-they-crawl-death-metal,
2019-07-26,trey,Hiss from the Moat,The Harrier,blackened death metal,,,https://open.spotify.com/track/2onWvwtTHGkDdSPs9lx8WT,https://hissfromthemoat.bandcamp.com/album/the-harrier,,
2019-07-26,trey,Tomb Mold,Planetary Clairvoyance,death metal,https://www.youtube.com/watch?v=SHyNAQBOzkE,,https://open.spotify.com/track/2TF9ChYLGz8Y7Bzsi898Id,https://20buckspin.bandcamp.com/album/planetary-clairvoyance,https://soundcloud.com/tombmold/accelerative-phenomenae?in=tombmold/sets/planetary-clairvoyance,
2019-08-09,trey,Krypts,The Reek of Loss,death/doom metal,https://www.youtube.com/watch?v=bh4tZBm2xaA,,https://open.spotify.com/track/6RA9G4q9InPHV8lJCq6Ypq,https://darkdescentrecords.bandcamp.com/track/the-reek-of-loss,,
2019-08-09,trey,SIXforNine,Life Devouring Demons,alternative/progressive metal,https://www.youtube.com/watch?v=SyR5WjrJ26M,,https://open.spotify.com/track/0gR9JIRFq85HAdRXUbagLL,,,
2019-08-09,trey,Volbeat,Cheapside Sloggers,rock’n’roll,https://www.youtube.com/watch?v=F7V18BEaKn4,,https://open.spotify.com/track/49Ss5itZW4JTWiXtWTbKcy,https://volbeat.bandcamp.com/album/beyond-hell-above-heaven,https://soundcloud.com/volbeat-official/cheapside-sloggers,
2019-09-06,trey,Fire and Sword,Where the Light Lets Itself In,too many influences to list,https://www.youtube.com/watch?v=HGw09K4PsZ4,,,https://byfireandsword.bandcamp.com/track/where-the-light-lets-itself-in-2,,
2019-09-06,trey,No/Mas,Last Laugh,death/grind,https://www.youtube.com/watch?v=dpTesXKVaR8,,https://open.spotify.com/track/2vMEJAR3wAFW4CuthdOGJq,https://hpgd.bandcamp.com/album/last-laugh,,
2019-09-06,trey,Vitriol,A Gentle Gift,death metal,https://www.youtube.com/watch?v=llG-4F_uw_Q,,https://open.spotify.com/track/5YbwSA880fvKFv4PkkaIxn,https://vitriolwarfare.bandcamp.com/album/to-bathe-from-the-throat-of-cowardice-24-bit-hd-audio,,
2019-09-06,trey,Wrvth,Eventide,post metal,https://www.youtube.com/watch?v=Yzp8uDhd_Oc,,https://open.spotify.com/track/5JOiL2wfOArQCp2P8HRvxU,https://uniqueleaderrecords.bandcamp.com/track/eventide,,
2019-09-13,trey,Gatecreeper,Boiled Over,death metal,https://www.youtube.com/watch?v=LcpIfvVS2sQ,,https://open.spotify.com/track/2KZVSALVW4y0wJUpTsAEsV,https://gatecreeper.bandcamp.com/track/boiled-over,https://soundcloud.com/gatecreeperofficial/boiled-over,
2019-09-13,trey,Khemmis,Hunted,sludge/doom,https://www.youtube.com/watch?v=3ePcP1TiqXw,,https://open.spotify.com/track/1cJtz8FzyQQBhMBxaTUtcP,https://khemmis.bandcamp.com/album/hunted,https://soundcloud.com/20-buck-spin/khemmis-hunted,
2019-09-13,trey,Mortal Wound,Burning Sulphur,death metal,https://www.youtube.com/watch?v=ovYsCR5bj6w,,https://open.spotify.com/album/32E8aGqpGES1opxJTPdJTW,https://mortalwound.bandcamp.com/track/burning-sulphur,,
2019-11-01,trey,Alcest,Sapphire,post metal,https://www.youtube.com/watch?v=QXGXTldAJ2Q,,https://open.spotify.com/track/1rJl94O48b2PXQUYjzEWqR,https://alcest.bandcamp.com/track/sapphire,https://soundcloud.com/alcest-music/sapphire,
2019-11-01,trey,Crypt Sermon,Our Reverend’s Grave,doom/heavy metal,https://www.youtube.com/watch?v=ZPfvZ7fHeNo,,https://open.spotify.com/track/22tgJdyWGHkNC15bREaNAY,https://cryptsermon.bandcamp.com/track/our-reverends-grave,,
2019-11-01,trey,Howling Giant,The River Guide,psychedelic/stoner/doom,https://www.youtube.com/watch?v=DxZxdZ5kV9I,,https://open.spotify.com/track/1hF6hYEySJPPBZ4NbrU4hO,https://howlinggiant.bandcamp.com/track/the-river-guide,,
2019-11-01,trey,Taphos,Thrive in Upheaval,death metal,https://www.youtube.com/watch?v=43lfylzQCJI,,https://open.spotify.com/track/4JT0xYYOCsxx3rjDucwnPu,https://taphos.bandcamp.com/track/thrive-in-upheaval,,
2019-12-13,trey,Blood Incantation,Awakening from the Dream of Existence to the Multidimensional Nature of Our Reality (Mirror of the Soul),death metal,https://www.youtube.com/watch?v=1DmiEPUmvrI,,https://open.spotify.com/track/4AKW96xhn1G4eZJRz9hhaN,https://darkdescentrecords.bandcamp.com/track/awakening-from-the-dream-of-existence-to-the-multidimensional-nature-of-our-reality-mirror-of-the-soul,https://soundcloud.com/bloodincantation/awakening-from-the-dream-of,
2020-01-03,trey,Noisem,1132,death/thrash,https://www.youtube.com/watch?v=9ZRgAMWO5No,,https://open.spotify.com/album/2rJnUV48MZuQ22AdfgoAYq,https://noisem.bandcamp.com/album/blossoming-decay,,
2020-01-03,trey,Red Death,Ravage,thrash/crossover,https://www.youtube.com/watch?v=Z8UkAqBVr28,,,https://centurymedia.bandcamp.com/album/sickness-divine-24-bit-hd-audio,,
2020-02-28,trey,High Command,Impaled Upon the Gates,thrash,https://www.youtube.com/watch?v=gRPU6CpruU4,,https://open.spotify.com/album/4szLMEwiYzD3QC4jI7ClZA,https://highcommandsl.bandcamp.com/album/beyond-the-wall-of-desolation,,
2020-02-28,trey,Immortal Bird,Avolition,blackened death,https://www.youtube.com/watch?v=B5USISZpK-Q,,https://open.spotify.com/track/4ykbjRKHB13eZAdYvIETBT,https://20buckspin.bandcamp.com/track/avolition,https://soundcloud.com/immortalbird-music/avolition,
2020-02-28,trey,In Mourning,Black Storm,progressive/melodic death,https://www.youtube.com/watch?v=pHmV7zHYf0w,,https://open.spotify.com/track/1vdTI9mhM8OLRjzItcUYUM,https://agoniarecords.bandcamp.com/track/black-storm,https://soundcloud.com/in-mourning-official/black-storm,
2020-03-20,trey,Be’Lakor,Withering Strands,melodic death metal,https://www.youtube.com/watch?v=UtVIfd3AKwI,,https://open.spotify.com/track/1L3gM9BUMQQdEHe7mfIHKF,https://belakor.bandcamp.com/track/withering-strands,https://soundcloud.com/belakorofficial/withering-strands,https://tidal.com/browse/track/68002062
2020-03-20,trey,Konvent,The Eye,doom,https://www.youtube.com/watch?v=YogXrUtyYoU,,https://open.spotify.com/album/6GEqmSL5BtTWOVbWg5x80Y,https://konvent666.bandcamp.com/track/the-eye,,
2020-03-20,trey,Plague,Pandemic,death metal,https://www.youtube.com/watch?v=tZ5GFLiZh6Y,,https://open.spotify.com/album/0u934ElljYYWNif8V6ysuz,https://plague-gr.bandcamp.com/album/portraits-of-mind,,
2020-05-29,trey,Black Curse,Charnel Rift,death metal,https://www.youtube.com/watch?v=nOuL1S2rKkA,,https://open.spotify.com/track/06vtGCMD4CkNVrifT9ZaB7,https://blackcurse-svr.bandcamp.com/track/charnel-rift,https://soundcloud.com/blackcurse-music/charnel-rift,
2020-05-29,trey,Cauldron Black Ram,Stones Break Bones,death/thrash,https://www.youtube.com/watch?v=b4SDdWLx2YE,,https://open.spotify.com/album/0daKyagsxQVUmuV7KMqfxX,https://20buckspin.bandcamp.com/album/slaver,,
2020-05-29,trey,Paradise Lost,Forsaken,doom,https://www.youtube.com/watch?v=SY4ENmfWj6Y,,https://open.spotify.com/track/597cB30V41M5bALmduU3YP,https://paradiselostofficial.bandcamp.com/track/forsaken,https://soundcloud.com/paradise-lost-official/forsaken,
2020-06-12,trey,Concrete Winds,Sulphuric Upheaval,death metal,https://www.youtube.com/watch?v=BcnAj-Vgfi0,,https://open.spotify.com/album/38eO3vy5IwDT7b0shgXGyC,https://concretewinds.bandcamp.com/track/sulphuric-upheaval,,
2020-06-12,trey,Exhumed,Rot Your Brain,death metal,https://www.youtube.com/watch?v=xyaPy-Ug6dA,,https://open.spotify.com/track/0ST4XRd3RzIVeO6ZYkmglP,https://exhumed.bandcamp.com/track/exhumed-rot-your-brain,https://soundcloud.com/exhumedofficial/rot-your-brain,
2020-07-10,trey,Nightfell,To the Flame,doom,https://www.youtube.com/watch?v=Ba9stEjAXYk,,,https://nightfell.bandcamp.com/track/to-the-flame,,
2020-07-10,trey,Obscene,They Delight in Extinction,death metal,https://www.youtube.com/watch?v=tN-Y0y5jepQ,,https://open.spotify.com/album/1dGc5WWsJ6ssgJZes1G4iT,https://obscenedeathmetal.bandcamp.com/album/the-inhabitable-dark,,
2020-07-10,trey,Skeleton,Mark of Death,crust punk?,https://www.youtube.com/watch?v=1Ze34LkerNw,,https://open.spotify.com/track/77Dq3QgMv74Y5Lh4m0lkPD,https://listen.20buckspin.com/track/mark-of-death,,
2020-09-04,trey,Concrete,World Tomb,hardcore,https://www.youtube.com/watch?v=S0MV__MQdQM,,https://open.spotify.com/album/0y2ECtL2jtx8pAKYjYM5Fe,https://concretehc.bandcamp.com/album/free-us-from-existence,,
2020-09-04,trey,Umbra Vitae,Blood Blossom,death metal,https://www.youtube.com/watch?v=u-m7DcNXTqU,,https://open.spotify.com/track/3f6S3aMYxU0nbZugtcsVKn,https://umbravitae.bandcamp.com/track/blood-blossom,https://soundcloud.com/umbravitae/blood-blossom,
2020-09-04,trey,Unleash the Archers,Abyss,heavy metal,https://www.youtube.com/watch?v=1bGmjnkDTTI,,https://open.spotify.com/track/2dm5txVoqHEW40k2DhnqOO,https://unleashthearchers.bandcamp.com/album/abyss,https://soundcloud.com/unleash-the-archers-official/sets/abyss-256329964,
2020-10-02,trey,Anaal Nathrakh,Feeding the Death Machine,extreme,https://www.youtube.com/watch?v=2AW9CFiTdt0,,https://open.spotify.com/track/1bGjVgSxDbQSOza8V4x3O9,https://anaalnathrakh.bandcamp.com/track/feeding-the-death-machine,https://soundcloud.com/anaalnathrakh/feeding-the-death-machine,
2020-10-02,trey,Dunwich,Mouth of Darkness,rock/gothic,https://www.youtube.com/watch?v=yZh6BSW19CQ,,https://open.spotify.com/track/302Uh9o3UZt7OBfW6K3CkK,https://dunwichband.bandcamp.com/track/mouth-of-darkness,,
2020-10-02,trey,Primitive Warfare,Nomadic Evolution,war metal,https://www.youtube.com/watch?v=EOXxXS2iLNc,,https://open.spotify.com/track/6o9ktGk54Vrsqg7TflRzaA,https://primitivewarfare.bandcamp.com/track/nomadic-evolution,,
2021-02-05,trey,Bas Rotten,Self,grindcore,,,,https://basrotten.bandcamp.com/track/self,,
2021-02-05,trey,Draconian,Claw Marks on the Throne,doom,https://www.youtube.com/watch?v=j4VglgQfYbg,,https://open.spotify.com/track/5ogNoYToS7QEkfSYBy5LyL,https://draconian.bandcamp.com/track/claw-marks-on-the-throne,https://soundcloud.com/draconian-official/claw-marks-on-the-throne,
2021-02-05,trey,Frozen Soul,Merciless,death metal,https://www.youtube.com/watch?v=Xa2CfdKL9nc,,https://open.spotify.com/track/3BaVODjGAYV9eqfE8lF1pr,https://frozensoultx.bandcamp.com/track/merciless,,
2021-02-05,trey,Mora Prokaza,I’m Not Yours,black metal/trap,https://www.youtube.com/watch?v=ajcYGV09fqk,,,https://moraprokazasom.bandcamp.com/track/im-not-yours,https://soundcloud.com/moraprokaza/im-not-yours,
2021-04-09,trey,Bloody Hammers,The Ones Who Own the Dark,spooky rock’n’roll,https://www.youtube.com/watch?v=1TvmboTfDP8,,https://open.spotify.com/track/7eib4fv7LUWsn2yFtYBQXS,https://bloodyhammers.bandcamp.com/track/the-ones-who-own-the-dark,https://soundcloud.com/bloody-hammers/the-ones-who-own-the-dark,
2021-04-09,trey,Bridge Burner,Disempath,grind,https://www.youtube.com/watch?v=2q64D-Gfido,,https://open.spotify.com/album/4K72moGsQucqP2Kx0WY049,https://bridgeburnernz.bandcamp.com/track/disempath,https://soundcloud.com/bridgeburner-music/disempath,
2021-04-09,trey,Enforced,UXO,crossover,https://www.youtube.com/watch?v=J1loT9DadlI,,https://open.spotify.com/track/1d0EAuXWu4J9gj8TIM5W18,https://enforced.bandcamp.com/album/kill-grid,,
2022-07-29,trey,Caliban,The World Breaks Everyone,metalcore,https://www.youtube.com/watch?v=gVIVaUe_czM,,https://open.spotify.com/track/2uubL5o0pMjqYXMYC0Fk7i,https://centurymedia.bandcamp.com/album/dystopia,,
2022-07-29,trey,Inhuman Condition,Where Pain is Infinity,death metal,https://www.youtube.com/watch?v=9vCQ0KPAg20,,https://open.spotify.com/album/07RHsrysgs8kLeWXitgsT8,https://inhumancondition.bandcamp.com/track/where-pain-is-infinity,https://soundcloud.com/inhumancondition/where-pain-is-infinity,
2022-07-29,trey,She Said Destroy,Greed Witches,progressive,https://www.youtube.com/watch?v=eAlhlcagSWY,,https://open.spotify.com/album/6YExUTeolK0JXSgD0krzQZ,https://shesaiddestroynorway.bandcamp.com/album/succession,,
2025-02-14,keith,Dream Theater,The Dance of Eternity,prog metal,https://www.youtube.com/watch?v=8Ik9qECIWgc,,https://open.spotify.com/track/7FTf3bJuCq5UYHjUwggKNB,https://insideoutmusic.bandcamp.com/track/scene-seven-i-the-dance-of-eternity-2,https://soundcloud.com/dreamtheaterofficial/the-dance-of-eternity-scene,https://tidal.com/browse/track/1844737
2025-02-14,keith,Haken,Pareidolia,modern prog,https://www.youtube.com/watch?v=kr_gROZmTtA,,https://open.spotify.com/track/5fUGUcxc6Ocn89pv60AKhr,https://hakenofficial.bandcamp.com/track/pareidolia,https://soundcloud.com/officialinsideoutmusic/haken-pareidolia,
2025-02-14,keith,Tool,Pneuma,alt prog rock/metal,https://www.youtube.com/watch?v=FssULNGSZIA,,https://open.spotify.com/track/03sEzk1VyrUZSgyhoQR0LZ,,https://soundcloud.com/officialtool/pneuma,https://tidal.com/browse/track/116415072
2025-03-21,keith,Dream Theater,Forsaken,progressive metal,https://www.youtube.com/watch?v=dRBP1rpE5y8,,https://open.spotify.com/track/5n8AC9ND62bWuPAtoS9nWP,,https://soundcloud.com/roadrunner-usa/forsaken,
2025-03-21,keith,Spiritbox,Tsunami Sea,metalcore (atmospheric),https://www.youtube.com/watch?v=hsKtH4gp6Vk,,https://open.spotify.com/track/7bGzUyc4a949g2c0EIzMpx,https://spiritboxofficial.bandcamp.com/album/tsunami-sea,https://soundcloud.com/spiritbox-music/tsunami-sea,
2025-03-21,keith,Wobbler,From Silence to Somewhere,modern prog (psychedelic jam),https://www.youtube.com/watch?v=2k2OzIG-0Zg,,https://open.spotify.com/track/0oAslW9fVwn0B3IFX4OgtQ,https://wobbler.bandcamp.com/album/from-silence-to-somewhere,,
2026-04-03,trey,Bring Me the Horizon,Top 10 staTues tHat CriEd bloOd,metalcore/alt-metal,https://www.youtube.com/watch?v=gMbh2YIFxGk,,https://open.spotify.com/track/7g4hIeYVk3h5qQXb9RLeXP,,https://soundcloud.com/bring-me-the-horizon/top-10-statues-that-cried,
2026-04-03,trey,Bring Me the Horizon,Kool-Aid,metalcore/deathcore,https://www.youtube.com/watch?v=3SSELaVWirQ,,https://open.spotify.com/track/0hpWmAB3L0OJ3VBeMkOQUu,,https://soundcloud.com/bring-me-the-horizon/kool-aid,
2026-04-03,trey,Magnolia Park,WORSHIP,nu-metal/pop-punk,https://www.youtube.com/watch?v=bPKFJ09fXYE,,https://open.spotify.com/track/6DDZyvRWHWjPoaVJMTkvsp,https://magnoliapark.bandcamp.com/track/worship-feat-plvtinum-vana,https://soundcloud.com/magnoliaparkfl/worship,
2026-04-10,keith,Bring Me the Horizon,Ludens,electronic rock/metalcore,,https://music.youtube.com/watch?v=caYD1-uck_c,https://open.spotify.com/track/4xWirulal0kGikFE3WSU75,,,
2026-04-10,keith,MASTER BOOT RECORD,DEV.NFO,chiptune metal,,https://music.youtube.com/watch?v=FR60mI6vw3U,https://open.spotify.com/track/0ttkoSc9LZmgTgjN69WoK1,,,
2026-04-10,keith,Leprous,The Price,modern prog,,https://music.youtube.com/watch?v=tdjVn95817A,https://open.spotify.com/track/134I0qT6UrkDjhbI6bx0x3,,,
2026-04-17,trey,Beartooth,Sunshine,,,https://youtu.be/eSy-VzkXr2k?si=_KizvWMXGt9P3O-K,https://open.spotify.com/track/75jOZla67WCSH24GjJrq5r?si=69628e0fe0e047a8,,,
2026-04-17,trey,Rivers of Nihil,The Silent Life,,,https://music.youtube.com/watch?v=Ya-w5Qx1tzc&si=JFhnzsf6Bv9PEF66,https://open.spotify.com/track/4iDQzPpa7FJ1RYfIGdH49e,,,
